{
  "project_info": {
    "project_number": "882471427939",
    "project_id": "examen-25da7",
    "storage_bucket": "examen-25da7.appspot.com"
  },
  "client": [
    {
      "client_info": {
        "mobilesdk_app_id": "1:882471427939:android:922100825eaf30cc21fd56",
        "android_client_info": {
          "package_name": "com.example.tecnologiasemergentes"
        }
      },
      "oauth_client": [],
      "api_key": [
        {
          "current_key": "AIzaSyDii0ysOPZLAQtocgh2qnKuRvPZ-uLj6Ec"
        }
      ],
      "services": {
        "appinvite_service": {
          "other_platform_oauth_client": []
        }
      }
    }
  ],
  "configuration_version": "1"
}